{
    "loss": 0.5375037789344788,
    "accuracy": 0.9396551847457886
}